<?xml version="1.0" encoding="UTF-8"?>
<!DOCTYPE suite SYSTEM "http://testng.org/testng-1.0.dtd">
<suite name="Suite">
	<!-- <listeners> <listener class-name="org.uncommons.reportng.HTMLReporter"></listener> 
		</listeners> -->

	<test name="CreateNewCustomerLead" enabled="false">
		<classes>
			<class name="com.training.tests.CreateNewCustomerLead"></class>
			<parameter name="BrowserToOpen" value="chrome"></parameter>
			<parameter name="AppUrl" value="http://sunik01v/login"></parameter>
		</classes>
	</test>
	<test name="CreateNewContract" enabled="true">
		<classes>
			<class name="com.training.tests.CreateNewContract"></class>
			<parameter name="BrowserToOpen" value="chrome"></parameter>
			<parameter name="AppUrl" value="http://sunik01v/login"></parameter>
		</classes>
	</test>
</suite> 
